<?xml version="1.0" encoding="UTF-8"?>
<project-private xmlns="http://www.netbeans.org/ns/project-private/1">
    <editor-bookmarks xmlns="http://www.netbeans.org/ns/editor-bookmarks/2" lastBookmarkId="0"/>
    <open-files xmlns="http://www.netbeans.org/ns/projectui-open-files/2">
        <group>
            <file>file:/E:/Assignment%20Helper/Java%20Swing/Coach_Booking_System/Coach%20Booking%20System/src/CBS/EBE_Home.java</file>
            <file>file:/E:/Assignment%20Helper/Java%20Swing/Coach_Booking_System/Coach%20Booking%20System/src/CBS/DB_Connection.java</file>
            <file>file:/E:/Assignment%20Helper/Java%20Swing/Coach_Booking_System/Coach%20Booking%20System/src/CBS/Login.java</file>
            <file>file:/E:/Assignment%20Helper/Java%20Swing/Coach_Booking_System/Coach%20Booking%20System/src/CBS/Customer_Home.java</file>
            <file>file:/E:/Assignment%20Helper/Java%20Swing/Coach_Booking_System/Coach%20Booking%20System/src/CBS/GUI_Methods.java</file>
        </group>
    </open-files>
</project-private>
